{
    "providers": [
        {
            "type": "bitmap",
            "file": "minecraft:ranks/nautical_iron_rank.png",
            "ascent": 8,
            "height": 8,
            "chars": [
                ""
            ]
        },
        {
            "type": "bitmap",
            "file": "minecraft:ranks/nautical_stone_rank.png",
            "ascent": 8,
            "height": 8,
            "chars": [
                ""
            ]
        },
        {
            "type": "bitmap",
            "file": "minecraft:ranks/nautical_gold_rank.png",
            "ascent": 8,
            "height": 8,
            "chars": [
                ""
            ]
        },
        {
            "type": "bitmap",
            "file": "minecraft:ranks/nautical_netherite_rank.png",
            "ascent": 8,
            "height": 8,
            "chars": [
                ""
            ]
        },
        {
            "type": "bitmap",
            "file": "minecraft:ranks/nautical_diamond_rank.png",
            "ascent": 8,
            "height": 8,
            "chars": [
                ""
            ]
        }
    ]
}